productId,name,taxonomy,destination,unitPrice,currency,available,imageUrl,sourceRef,description,level,latitude,longitude,starRating,parentProductId
bf305cbf-a7b8-5e52-bc67-97639cf95fdf,Hòn Ti Tốp,attraction,Hạ Long,,VND,False,https://ak-d.tripcdn.com/images/0104u120008i7cmuj482F.jpg,trip:attraction:95477,"Hòn Ti Tốp. Địa chỉ: Hạ Long Bay, Quảng Ninh province, Vietnam. Giờ mở cửa: Mở cửa cả ngày. Thời gian tham quan đề xuất: 3–5 tiếng đồng hồ",,20.859076,107.080151,,
c1cc2937-0cfa-5def-b18f-1d5a46c14115,VinWonders Nam Hội An,attraction,Hội An,650000,VND,True,https://booking-static.vinpearl.com/tours/ece6e58a02fd48de9eba9d3f4689f77a_Hinh-anh-VinWonders-Nam-Hoi-An-River-Safari-3x2-so-1%20(1)_vinwonders-nam-hoi-an-ve-vao-cua.jpg,vinpearl:tour:VW01861,"VinWonders Nam Hội An

VinWonders Nam Hội An là điểm đến hội tụ những điều kỳ thú được xây dựng theo chủ đề giao thoa văn hóa Đông Tây ấn tượng. Đây cũng là nơi duy trì và phát triển những giá trị lịch sử, nét đẹp nghệ thuật, văn hóa truyền thống Việt Nam và mang đến các hoạt động giải trí 5 châu đầy mới mẻ, sôi động và hấp dẫn hàng đầu thế giới.
Với các phân khu đa dạng, phù hợp với mọi lứa tuổi và sở thích, VinWonders Nam Hội An hứa hẹn sẽ mang tới vô vàn trải nghiệm vui tươi cho tất cả các thành viên.
1. Trải nghiệm văn hóa đặc sắc
Bến cảng giao thoa
Bến cảng giao thoa - VinWonders Nam Hội An Hành trình khám phá VinWonders Nam Hội An không thể không ghé thăm Bến cảng Giao Thoa chạy dọc theo dòng sông thơ mộng trải từ cổng vào đến Đồi Ước Nguyện. Phía đông của dòng sông là dãy kiến trúc Việt Nam mô phỏng phố cổ Hội An với những ngôi nhà cổ mái đỏ rêu phong, tường vàng thanh bình và trầm mặc. Bên kia bờ là Đại lộ giấc mơ với dãy nhà được xây dựng theo kiến trúc châu Âu, lấy cảm hứng từ phong cách của Nga, Tây Ban Nha, Ý,....
Cùng tìm về giá trị văn hoá Việt tại Đảo Văn Hoá Dân Gian
Đảo văn hoá dân gian - nơi bảo tồn những giá trị văn hoá Việt
Đảo Văn Hóa Dân Gian khắc họa một bức tranh về cuộc sống vật chất và tinh thần dân tộc Việt Được xem là ""thư viện"" lưu giữ các giá trị văn hóa của Việt Nam, Đảo văn hóa dân gian mang đến cho khách hàng những trải nghiệm gắn liền với văn hóa các vùng miền như làm giấy Dó, se tơ, dệt lụa, làm hoa Thanh Tiên, khắc mộc, làm gốm, dđae lát, ngheè thêu...
Đảo Văn Hóa Dân Gian khắc họa một bức tranh về cuộc sống vật chất và tinh thần dân tộc Việt qua những di sản văn hóa độc đáo; từ những nét kiến trúc truyền thống đến các làng nghề thủ công lâu đời với những sản phẩm được thiết kế tinh xảo đầy tính nghệ thuật; từ những điệu múa dân tộc đầy duyên dáng đến các trò chơi dân gian lý thú mang tính giáo dục cao.
2. Tưng bừng trải nghiệm những trò chơi đẳng cấp
Thung lũng bị lãng quên
Trò chơi là một trải nghiệm mạo hiểm rất đáng để thử. Đặt chân vào chuyến phiêu lưu xoay tròn nhiều vòng, xuyên qua những vách núi với chiều dài lên đến 785m, tốc độ lên đến 12,7m/s là thách thức không hề nhẹ đối với những tín đồ đam mê cảm giác mạnh.
Cây dây văng
Thoạt nhìn, cây dây văng có vẻ “dễ nuốt” nhưng ngay lập tức bạn sẽ được “ăn dưa bở” khi vòng quay bắt đầu chuyển động. Cảm giác phấn khích sẽ bắt đầu “leo thang” khi những chiếc ghế lơ lửng trên không trung càng ngày càng văng xa qua mỗi vòng quay.
Lâu đài 4D
Không chỉ mang tới cho bạn cơ hội chiêm ngưỡng những kiệt tác điện ảnh mà còn đưa bạn vào thế giới trong phim, để bạn có thể cảm nhận hình ảnh nổi từ không gian ba chiều sống động, trải nghiệm những cảm giác trung thực.
3. Xoa dịu cái nắng tại công viên nước VinWonders Nam Hội An
Công viên nước VinWonders Nam Hội An với hàng loạt các trò chơi dưới nước đẳng cấp sẽ là nơi du khách thỏa sức vui chơi và tận hưởng những phút giây sảng khoái.
Hồ tạo sóng diện tích 3.275m2 hình vỏ sò với nhiều cấp độ sóng khác nhau như đại dương thu nhỏ cho phép người chơi tha hồ ngụp lặn và nô đùa giữa những cơn sóng lúc nhẹ nhàng, khi dữ dội, luôn thay đổi bất ngờ.
Sông lười là điểm thả mình lý tưởng cho các du khách sau những thử thách căng thẳng và những tràng cười sảng khoái không dứt tại khu trò chơi cảm giác mạnh, hay khu trò chơi gia đình. Bể bơi được thiết kế dành riêng cho các du khách nhí, với ngôi nhà Hawaii, súng bắn nước, đường trượt thiên nga, sứa phun mưa, hành lang cầu vồng hay ngôi nhà quả táo…hứa hẹn sẽ mang lại cảm giác bất ngờ và thú vị cho các bé.
4. Trải nghiệm vườn thú du khảo trên sông đầu tiên của Việt Nam - River Safari
Lần đầu tiên tại Việt Nam, bạn sẽ được trải nghiệm cảm giác lênh đênh trên chiếc thuyền và khám phá cuộc sống hoang dã hai bên sông tựa như đang khám phá cuộc sống bí ẩn trong rừng Amazon. Tại đây, bạn sẽ có cơ hội khám phá các hệ sinh cảnh hoang dã độc đáo, với nhiều loài động vật quý hiếm nằm trong danh sách cần được bảo tồn như: hổ Belgal, sư tử, linh dương sừng kiếm, tê giác trắng…
Du khảo vườn thú trên sông River Safari
Đến với vườn thú du khảo trên sông đầu tiên tại Việt Nam River Safari các du khách sẽ được ngồi trên thuyền, từ từ xuôi dòng sông Amazon phiên bản “mini” để khám phá cuộc sống của hàng loạt các loài thú hoang dã, quý hiếm đến từ khắp nơi trên thế giới.
Chiêm ngưỡng những loài động vật quý hiếm
Khu bảo tồn động vật hoang dã quý hiếm Với hơn 50 loài và gần 550 cá thể, River Safari là ngôi nhà chung bảo tồn và phát triển của các loài động vật hoang dã phải kể đến như Voi châu Á, Bồ Nông, Hươu cao cổ, Hổ Belgal, sư tử, thiên nga…Đặc biệt, với điều kiện sinh trưởng tuyệt vời, tại River Safari đã chào đón hơn 200 cá thể F1 ra đời.
Vùng Xavan châu Phi rộng bạt ngàn sẽ là nơi lý tưởng để gặp gỡ các nàng hậu hươu cao cổ, gia đình ngựa vằn với bộ lông sọc đen trắng độc đáo cùng bầy linh dương với hơn 26 cá thể. Đi tiếp, thế giới động vật ăn cỏ hiện ra với những cá thể hươu, nai, hoẵng, lạc đà đang tận hưởng những đám cỏ xanh mướt.
Ghé thăm nhà vẹt
Du khách được tương tác trức tiếp với những chú vẹt sặc sỡ, tinh nghịch Tại đây du khách sẽ được trực tiếp tương tác với những loài vẹt với bộ lông nhiều màu, kích thước to nhỏ khác nhau hay sống thành đàn. Nhiều bạn nhỏ khi đến đây đều rất thích thú khi những chú vẹt tinh nghịch bay đến đậu lên vai để được vuốt ve. Lưu ý nhỏ, khi có chụp hình những loài chim với bộ lông rực rỡ sắc màu này, du khách đừng quên tắt đèn flash để tránh làm động vật hoảng sợ nhé.

Bao gồm
Vé vào cửa trực tiếp khu vui chơi VinWonders Nam Hội An sử dụng trong ngày dành cho 01 người",,15.785995,108.407642,,
5febedf3-74ba-5200-a5ec-2a6ab5162acb,VinWonders Nha Trang,attraction,Nha Trang,1050000,VND,True,https://booking-static.vinpearl.com/tours/9f088b8096724efeba0846a7791b24bc_Hinh-anh-VinWonders-Nha-Trang-Adventure-Land-Du-quay-day-vang-3x2-so-2%20(1)_aquafield-nha-trang.jpg,vinpearl:tour:VW01392,"VinWonders Nha Trang

Tại sao nên đến VinWonders Nha Trang?
Bạn đã sẵn sàng cho một kỳ nghỉ tràn đầy phấn khởi và sự thư giãn tại thiên đường vui chơi giải trí lớn nhất Nha Trang? Nằm trên đảo Hòn Tre quyến rũ, VinWonders Nha Trang nổi tiếng là một trong những công viên giải trí bậc nhất tại Việt Nam!
VinWonders Nha Trang mang đến cho du khách những niềm vui bất tận với hàng trăm hoạt động giải trí hấp dẫn phù hợp cho mọi lứa tuổi, từ những trò chơi cảm giác mạnh, công viên nước mát lạnh, chương trình diễn hoàng tráng, trải nghiệm ẩm thực phong phú đến các cửa hàng mua sắm. Đến VinWonders Nha Trang, bạn còn được trải nghiệm một trong những tuyến cáp treo trên biển dài nhất thế giới, đưa bạn vượt qua địa dương bao la và chiêm ngưỡng toàn cảnh vịnh Nha Trang, một trong 29 vịnh biển đẹp nhất hành tinh!
Được xem là một trải nghiệm không thể bỏ lỡ khi đặt tour du lịch đến với thành phố biển Nha Trang xinh đẹp, khi ở trên cáp treo, bạn sẽ được tận hưởng cảm giác lơ lửng trên không và thưởng thức phong cảnh thiên nhiên tươi đẹp từ một góc nhìn mới lạ. Phóng tầm mắt từ độ cao 54m, dòng nước biển xanh ngắt với những bãi cát trắng tinh khôi, uốn lượn như ôm trọn lấy thành phố xinh đẹp. Bên cạnh đó, chính cáp treo vượt biển của VinWonders Nha Trang cũng là một kỳ quan đẳng cấp thế giới giữa vịnh biển nên thơ. Vừa thưởng thức khung cảnh thiên nhiên bên dưới, vừa trải nghiệm tuyến cáp treo vượt biển dài nhất thế giới, bạn sẽ thấy như đang dạo chơi giữa chốn bồng lai tiên cảnh.
VinWonders Nha Trang có gì đặc sắc?
Với tổng diện tích lên đến 50ha, VinWonders Nha Trang được thiết kế theo mô hình công viên giải trí All-in-one cùng nhiều phân khu trò chơi độc đáo và các show diễn vô cùng đặc sắc.
1. Trải nghiệm cảm giác bay giữa không trung trên đường trượt Zipline dài nhất Việt Nam tại Fairy Land.
Đường trượt zipline tại VinWonders Land Nha Trang được chính thức xác nhận là kỷ lục Việt Nam với độ dài liền mạch dài nhất lên tới 880m, độ dốc cao nhất 130m, và có cú nhảy tiếp đất từ độ cao 5.8m. Đặc biệt với độ dốc kỷ lục, những du khách ưa mạo hiểm sẽ thực sự thoả mãn khi tốc độ “bay” trên đường trượt lên tới 100km/h.
Lưu ý: Vé vào cổng không bao gồm Zipline
2. Chiêm ngưỡng toàn cảnh Hòn Tre xanh mát và đại dương bao la trên độ cao 120m của Bánh Xe Bầu Trời (Sky Wheel) - Top 10 vòng xoay cao nhất thế giới.
Nằm trong top 10 vòng quay cao nhất thế giới, bánh xe bầu trời VinWonders Sky Wheel có chiều cao 120 m, được công nhận kỷ lục Guinness cho Vòng quay lớn nhất Việt Nam, sánh ngang với các vòng quay nổi tiếng như Melbourne Star (Australia), Sky Dream Fukuoka (Nhật Bản)… và trở thành biểu tượng mới trên vịnh Nha Trang. Nằm tại VinWonders Nha Trang, bánh xe khổng lồ có 60 cabin hiện đại, sức chứa lên đến 480 hành khách mỗi lượt. Từ cabin trên cùng của Sky Wheel, bạn sẽ được ngắm nhìn toàn bộ cảnh quan kỳ vĩ của một trong những vịnh biển đẹp nhất thế giới. Sự hồi hộp, phấn khích, xen lẫn choáng ngợp khi lên đỉnh VinWonders Sky Wheel sẽ là trải nghiệm “có một không hai” chỉ có tại Hòn Tre Nha Trang.
3. Thử thách lòng gan dạ của bạn với hàng loạt trò chơi mạo hiểm đầy phấn khích được thiết kế theo tiêu chuẩn quốc tế tại Adventure Land.
4. Đập tan cái nóng mùa hè tại vịnh phao nổi khổng lồ và công viên nước ngọt trên biển đầu tiên của Việt Nam cùng nhiều đường trượt đầy sảng khoải tại Water World.
Khuyến cáo: Để đảm bảo an toàn, người tham gia các trò chơi trượt nước mạo hiểm tại Công Viên Nước yêu cầu phải có chiều cao trên 130cm, cân nặng dưới 100kg và dưới 50 tuổi.
5. Hoà mình vào thiên nhiên diệu kỳ với hơn 10.000 “kỳ hoa dị thảo” và chiêm ngưỡng bộ sưu tập xương rồng lớn nhất Việt Nam tại The World Garden.
6. Tham quan và chụp ảnh check-in tại vườn thú King’s Garden
7. Khám phá thế giới đại dương huyền bí với hơn 30.000 sinh vật biển tại thuỷ cung Sea World.
Dạo chơi trong thủy cung, bạn sẽ có cảm giác như đang bước đi giữa lòng đại dương bao la với với những nàng tiên cá xinh đẹp đang thảnh thơi bơi lượn nơi đáy đại dương,hay những chương trình biểu diễn nhạc nước đầy màu sắc,… Tất cả như cùng hòa quyện trong một bản giao hưởng vui tươi, mang đến cho bạn những trải nghiệm mới mẻ.
Lưu ý: Cung Điện Hải Vương TẠM ĐÓNG CỬA để tiến hành nâng cấp, cải tạo từ ngày 31/03/2025 đến tháng 02/2026. Các show diễn “Cho Cá Ăn” và “Nàng Tiên Cá” cũng sẽ TẠM NGƯNG trong thời gian này.
6. Đặc biệt, đừng quên thưởng thức siêu phẩm nghệ thuật triệu đô Tata Show vô cùng mãn nhãn tại Quảng trường Thần Thoại, một show thực cảnh đa phương tiện với công nghệ 3D mapping đỉnh cao và hàng trăm vũ công quốc tế, đưa du khách vào một thế giới cổ tích thần kỳ và choáng ngợp.
VinWonders Nha Trang là điểm đến không thể bỏ lỡ cho du khách trong chuyến du lịch Nha Trang vui quên lối về cùng bạn bè và gia đình thân yêu! Đặt vé VinWonders Nha Trang ngay với giá tốt nhất và tận hưởng thêm nhiều ưu đãi hấp dẫn. Tấm vé VinWonders Nha Trang đã bao gồm vé cáp treo hoặc tàu cao tốc hai chiều thuận tiện và vé vào cổng các khu vui chơi tại VinWonders Nha Trang!",,12.217049,109.240872,,
8a4c5920-55c2-5370-b2e5-01956c3e7288,VinWonders Phú Quốc,attraction,Phú Quốc,950000,VND,True,https://booking-static.vinpearl.com/tours/cd6d85b0b27a4609809ef3c64e3e0d76_27be58d21e244664bf34d11d72e77860_Castle_vinwonders-phu-quoc-ve-vao-cua_vinwonders-phu-quoc-ve-vao-cua.jpg,vinpearl:tour:VW00616,"VinWonders Phú Quốc

Tổng quan VinWonders Phú Quốc:
VinWonders Phú Quốc là công viên chủ đề lớn nhất tại Việt Nam và có quy mô hàng đầu ở châu Á. Tại đây, du khách từ mọi lứa tuổi, mọi cá tính đều có thể tìm cho mình những điểm đến lý tưởng. Những trò chơi kỷ lục của thế giới hay cuộc sống muôn màu muôn vẻ của hàng chục ngàn sinh vật biển tại VinWonders sẽ đem tới cho chuyến du lịch Phú Quốc của bạn trải nghiệm giải trí thích thú chưa từng có.

VinWonders Phú Quốc – Thế giới của kỳ quan và cảm xúc
Hãy tưởng tượng bạn đang bước vào một thế giới nơi trí tưởng tượng gặp gỡ những cuộc phiêu lưu kỳ thú, nơi các nền văn minh cổ đại sống lại, và những kỳ quan dưới nước khiến bạn choáng ngợp. Đó chính là những gì đang chờ đón bạn tại VinWonders Phú Quốc – công viên chủ đề lớn nhất Việt Nam và là một trong những điểm đến nổi bật của châu Á.

6 thế giới chủ đề sống động, mỗi bước chân là một hành trình
VinWonders Phú Quốc gồm 6 phân khu chủ đề đặc sắc, được thiết kế công phu theo cảm hứng từ 12 nền văn minh nhân loại và các câu chuyện cổ tích toàn cầu. Dù bạn là người yêu khám phá, đam mê cảm giác mạnh, hay đi cùng gia đình nhỏ – ở đây đều có những trải nghiệm dành riêng cho bạn.

Đại Lộ Châu Âu – Trở về thời Trung Cổ
Hành trình bắt đầu từ Đại Lộ Châu Âu – một thị trấn cổ kính mang đậm hơi thở Trung Cổ với những con đường lát đá, các tòa nhà Phục Hưng lộng lẫy, và những cửa hàng nhộn nhịp. Các buổi biểu diễn đường phố đầy màu sắc diễn ra suốt ngày sẽ đưa bạn lạc vào một không khí lễ hội rộn ràng và đậm chất châu Âu.

Thế Giới Diệu Kỳ – Phiêu lưu vào vũ trụ cổ tích
Tiếp theo, bạn sẽ được đắm chìm trong Fantasy World – nơi hội tụ của những vương quốc huyền ảo như bước ra từ các câu chuyện thần thoại. Bạn có thể khám phá Vương quốc Diệu Kỳ như Alice ở xứ sở thần tiên, phiêu lưu trong Ốc Đảo Ả Rập huyền bí, hay đối mặt với lời nguyền rồng độc ác trong trò chơi nhà tối đầu tiên của Việt Nam – ""Lời Nguyền Ác Long"".

Làng Viking & Thế Giới Phiêu Lưu – Đẩy giới hạn bản thân
Biến hóa thành một chiến binh Bắc Âu tại Khu làng Viking với những trò chơi vận động mạo hiểm như zipline xuyên rừng, cầu treo, leo núi,... Và nếu bạn đam mê tốc độ, đừng bỏ qua ""Cơn Thịnh Nộ của Zeus"" – tàu lượn siêu tốc đạt vận tốc 110 km/h, thuộc hàng nhanh nhất thế giới. Ngoài ra, các công trình kỳ bí như kim tự tháp Maya hay rừng Amazon hoang dã cũng đang chờ bạn khám phá.

Cung Điện Hải Vương – Hành trình dưới lòng đại dương
Một trong những điểm thu hút nhất chính là Cung điện Hải Vương – thủy cung hình con rùa khổng lồ, nằm trong top lớn nhất thế giới. Tại đây, bạn sẽ được ngắm nhìn cá mập, sứa phát sáng, rùa biển, và cả những rạn san hô rực rỡ. Đặc biệt, đừng bỏ lỡ chương trình Nàng Tiên Cá biểu diễn, cho cá ăn, và trải nghiệm cà phê với view toàn cảnh bể cá mập cực độc đáo.

Typhoon World – Giải nhiệt với công viên nước lớn nhất Đông Nam Á
Nếu bạn là người yêu thích nước và muốn tìm chút “giải nhiệt”, thì Typhoon World là thiên đường dành cho bạn. Đây là công viên nước lớn nhất Đông Nam Á, mô phỏng theo vùng nhiệt đới Hawaii, với 36 trò chơi hấp dẫn. Hãy thử sức với đường trượt “Nọc Độc Mãng Xà” dài 175m hoặc đắm mình trong hồ sóng thần Oahu cuồng nhiệt.

Hơn cả trò chơi – Một bữa tiệc cảm xúc với show diễn mãn nhãn
VinWonders Phú Quốc không chỉ là nơi của trò chơi và khám phá – đây còn là trung tâm trình diễn nghệ thuật ngoài trời. Từ Once Show hoành tráng tại Quảng trường Phượng Hoàng với âm thanh, ánh sáng, nước, lửa kết hợp nhuần nhuyễn, cho đến hàng ngàn mini show, diễu hành và biểu diễn đường phố. Mỗi ngày ở VinWonders là một ngày hội rực rỡ.

Dành cho mọi lứa tuổi – Từ gia đình đến tín đồ cảm giác mạnh
Dù bạn đi với ai, VinWonders Phú Quốc đều có lựa chọn phù hợp. Trẻ nhỏ sẽ mê mẩn vòng quay ngựa gỗ, khu vui chơi tương tác, trong khi người lớn có thể trải nghiệm rạp phim 4D, trò chơi cảm giác mạnh, và không gian thư giãn đầy tiện nghi. Hơn 100 hoạt động giải trí đang chờ bạn khám phá!

Tiện lợi – Dễ tiếp cận – Ăn uống đa dạng
Công viên mở cửa từ sáng - tối (khoảng 9:00 - 19:30 hàng ngày), có xe buýt đưa đón miễn phí từ trung tâm Dương Đông. Bên trong công viên, bạn có thể dễ dàng tìm thấy các quầy thức ăn nhanh, buffet Á – Âu, hoặc các quán cà phê đậm phong cách để nạp năng lượng cho chuyến vui chơi kéo dài cả ngày.

Trọn vẹn hơn với Combo: Safari & Grand World
Để chuyến đi thêm phong phú, bạn có thể kết hợp với Vinpearl Safari – công viên bán hoang dã lớn nhất Việt Nam, nơi bạn được nhìn ngắm động vật từ chính chiếc xe bus chuyên dụng. Hoặc ghé thăm Grand World – Thành phố không ngủ, để thưởng thức show Tinh Hoa Việt Nam, mua sắm, dạo chơi và check-in giữa kiến trúc châu Âu rực rỡ.

Hành trình không thể quên – Chờ bạn khám phá!
Với vô vàn trò chơi đỉnh cao, không gian rực rỡ, show diễn ngoạn mục và dịch vụ đẳng cấp – VinWonders Phú Quốc không chỉ là công viên giải trí, mà là một hành trình cảm xúc và trải nghiệm khó quên. Nếu bạn đang tìm một điểm đến vừa choáng ngợp, vừa trọn vẹn cho gia đình, bạn bè hay người thương – thì đây chính là nơi nên có trong checklist của bạn.

Bao gồm
Vé vào cửa trực tiếp khu vui chơi VinWonders Phú Quốc sử dụng trong ngày dành cho 01 người",,10.340735,103.854047,,
8c935f2b-2bc7-5f3c-9fa9-5a8e7438597d,Vịnh Hạ Long,attraction,Hạ Long,,VND,False,https://ak-d.tripcdn.com/images/0101i120008iiuc8yB59E.jpg,trip:attraction:81458,"• Một danh lam thắng cảnh nổi tiếng của Việt Nam đã được đưa vào Danh sách Di sản thiên nhiên thế giới
• Hơn 2.000 khối đá đa dạng mọc lên từ mặt nước biển tĩnh lặng
• Đi thuyền tham quan và tận hưởng quang cảnh biển và núi đẹp như tranh vẽ giữa các đảo nhỏ

▴ Du ngoạn qua khu vực có nhiều đảo nhỏ, chiêm ngưỡng những tảng đá kỳ lạ ở cả hai bên và ngắm nhìn các hang động, nhà nổi, trang trại nuôi cá, v.v. Các hoạt động tham quan cụ thể có thể thay đổi tùy theo hành trình.

▴ Nhiều loại đá kỳ lạ đã được đặt tên, phản ánh tính chất giàu trí tưởng tượng và thơ mộng của chúng, cho phép bạn chiêm ngưỡng tư thế sống động của chúng.",,20.944744,107.172454,,
1a49c701-4d5f-5711-a290-3b8c386a8bdd,Combo Vé vào cửa VinWonders + Vinpearl Safari Phú Quốc,combo,Phú Quốc,1500000,VND,True,https://booking-static.vinpearl.com/tours/54a022ae596548d9a1749a1672d3ac13_SpikeDay%208824_1920x1080_no%20text%20(1)_Combo-ve-vao-cua-vinwonders-phu-quoc-va-vinpearl-safari.jpg,vinpearl:tour:VW00623,"Combo Vé vào cửa VinWonders + Vinpearl Safari Phú Quốc

Thỏa sức khám phá thiên đường vui chơi giải trí VinWonders Phú Quốc – Công viên chủ đề đầu tiên tại Việt Nam và Vinpearl Safari Phú Quốc - công viên chăm sóc, bảo tồn động vật, vườn thú bán hoang dã đầu tiên tại Việt Nam

VINWONDERS PHÚ QUỐC

Thiên đường vui chơi giải trí VinWonders Phú Quốc – Công viên chủ đề đầu tiên tại Việt Nam với 6 phân khu trò chơi cùng hơn 100 trò chơi cảm giác mạnh siêu khủng

Với 6 chủ đề: Thế giới diệu kỳ, Thế giới phiêu lưu, Cung điện hải vương, Khu làng bí mật, Thế giới lốc xoáy, Đại lộ châu Âu, VinWonders Phú Quốc sẽ đưa bạn đi qua nhiều cung bậc cảm xúc khác nhau từ trầm trồ, ngạc nhiên đến thích thú và phấn khích bởi thế giới trò chơi cực hoành tráng, phù hợp với mọi đối tượng du khách, từ những bạn trẻ năng động, ưa mạo hiểm

Lâu đài trung tâm –VinWonders Phú Quốc:
Khung cảnh nguy nga, tráng lệ của khu vực lâu đài trung tâm sẽ đưa du khách vào hành trình quay ngược thời gian, trở về thời hoàng kim của Châu Âu trung cổ trên con phố nhộn nhịp với hàng trăm quán xá, cửa hàng mua sắm, cùng những căn nhà mái nhọn đúc gạch đặc trưng để thoả sức “thả dáng, pose hình”!

Qua góc nhìn của những bạn trẻ đam mê du lịch và nghệ thuật nhiếp ảnh, VinWonders Phú Quốc hiện lên với thật nhiều ánh sáng, nhiều màu sắc và nhiều trải nghiệm thú vị không thể bỏ lỡ.

Khu vui chơi ngoài trời VinWonders Phú Quốc:

Nếu là người năng động và đam mê cảm giác mạnh, du khách không thể bỏ lỡ những trò chơi thử thách bản thân như: Tháp rơi tự do Skydrop - cho người chơi trải nghiệm cảm giác không trọng lực với những cú thả rơi tự do từ độ cao 16m so với mặt đất; đu quay lộn đầu Topspin - cho người chơi trải nghiệm quá trính luyện tập của phi công lái máy bay phản lực. Cơ thể liên tục được xoay tròn 360 độ theo nhiều hướng và được nhấc bổng lên cao 17m trong tư thế cắm đầu xuống đất; đĩa quay siêu tốc có hình dáng như một vật thể bay không xác định (UFO). Bạn được ngồi trong tư thế người lái, lướt trên một đường ray lượn sóng hình lưng lạc đà dài 82m; cùng hàng loạt các trò chơi đẳng cấp như cá heo bay, disko,...
Đối với các gia đinh có trẻ nhỏ, các trò chơi như tàu hỏa siêu tốc, đu quay thú nhún, ong xoay hay xe điện đụng,.. sẽ mang lại những giây phút thư giãn gắn kết tràn ngập tiếng cười cho mọi thành viên.

Khu vui chơi trong nhà VinWonders Phú Quốc:

Bên cạnh đó, khu trò chơi trong nhà của VinWonders Phú Quốc với hơn 120 trò chơi công nghệ đẳng cấp thế giới sẽ đem đến cho du khách những trải nghiệm vui chơi công nghệ cao tuyệt đỉnh.

Thủy cung VinWonders Phú Quốc - Cung điện Hải Vương:
Nằm trong phân khu mới của VinWonders Phú Quốc, Cung điện Hải Vương sẽ đưa du khách tiến vào khám phá 5 thế giới đại dương, gặp gỡ hàng trăm nghìn cư dân của thành phố Atlantis huyền ảo. Toà thuỷ cung rộng 15.000m2 với 3 tầng, là nơi bảo tồn hàng nghìn cá thể sinh vật biển ở Phú Quốc và thế giới.

Thuỷ cung được thiết kế theo hình dáng một chú rùa đang trườn từ đại dương lên bãi biển, ở khu vực giáp ranh giữa bãi biển đẹp nhất Việt Nam và khu rừng nguyên sinh hoang dã - mang ý nghĩa về sự bảo tồn thiên nhiên tuyệt đẹp của đảo ngọc và Việt Nam.

Công viên nước:
Công viên nước VinWonders Phú Quốc với tổ hợp gồm bãi tắm và hàng loạt các trò chơi dưới nước đẳng cấp sẽ là nơi du khách thỏa sức vui chơi và tận hưởng những phút giây sảng khoái. Hệ thống trò chơi đa dạng và hiện đại sẽ đưa các gia đình, nhóm bạn, cặp đôi,… trải nghiệm những cung bậc cảm xúc mãnh liệt với các trò chơi mạo hiểm, thử thách hay những phút giây thư thái khi thả mình trong dòng nước mát lành. Giữa không gian bao la của nước, du khách sẽ thỏa sức đốt cháy năng lượng với những trò chơi, những trải nghiệm mang lại niềm vui bất tận.
Với những trò chơi không thể bỏ qua như đường trượt lốc xoáy Tornado, đường trượt siêu lòng chảo, đường trượt nhiều làn,.. chắc chắn bạn sẽ có được những trải nghiệm thú vị chưa từng có. Giờ mở cửa công viên nước từ 10h đến 18h.

VINPEARL SAFARI PHÚ QUỐC
Khám phá Vinpearl Safari Phú Quốc - công viên chăm sóc, bảo tồn động vật, vườn thú bán hoang dã đầu tiên tại Việt Nam

Vinpearl Safari Phú Quốc là vườn thú bán hoang dã ""lộ thiên"" duy nhất tại nước ta. Tại đây, các động vật quý hiếm được đảm bảo chăm sóc và bảo tồn trong môi trường thiên nhiên mở. Với lợi thế phát triển từ khu rừng nguyên sinh tự nhiên, Vinpearl Safari Phú Quốc đáp ứng tốt các yêu cầu khắt khe của mô hình Safari.

Vinpearl Safari Phú Quốc có tổng diện tích 500ha; trong đó, giai đoạn 1 có quy mô 380ha, gồm hai phân khu chính là khu vườn thú mở (open zoo) dành cho khách tham quan giữa các khu vực nuôi thú mở, hài hòa với thiên nhiên; khu bán hoang dã (safari park) chở khách tham quan bằng xe chuyên dụng với hình thức ""thú thả, người nhốt"" độc đáo, lần đầu tiên có mặt tại Việt Nam.

Ngoài ra, Vinpearl Safari Phú Quốc còn bao gồm nhiều khu tham quan khác như:
Khu Nam Á (Ấn Độ).
Khu châu Phi hoang dã.
Khu đồng cỏ châu Úc.
Khu vườn Eden.
Khu Nam Mỹ - Amazon.
Khu bản địa Việt Nam.
Khu Thánh địa cổ.
Khu cảnh quan Cung Đình.
Khu vườn chim.
Khu vườn thú đêm.

Trong Vinpearl Safari Phú Quốc có gì? Hiện tại, Safari Phú Quốc đã có khoảng 3.000 cá thể thuộc 150 chủng loài, được sưu tầm, bảo tồn từ các động vật hoang dã quý hiếm địa phương, đồng thời quy tụ từ nhiều vùng địa sinh học đặc trưng trên thế giới như Nam Phi, châu Âu, châu Úc, châu Mỹ,...

Khu bán mở là nơi sinh sống của hơn 90 loài động vật. Tuy nhiên, khác với những vườn thú thông thường, một số loài động vật không nguy hiểm sẽ được thả ở bên ngoài, còn những động vật nguy hiểm sẽ ở trong chuồng. Du khách không chỉ được xem mà còn được tiếp xúc, giao tiếp và cho chúng ăn.

Ngắm nhìn động vật được nuôi thả trong thiên nhiên:

Bên cạnh đó, khu vực bán hoang dã bao gồm 45 loài động vật là vườn thú mở hoàn toàn trong rừng tự nhiên, không có chuồng trại hay hàng rào ngăn cách, các loài động vật ở đây được sinh sống và đi lại tự do.

Thưởng thức các chương trình biểu diễn động vật:
Đến Vinpearl Safari Phú Quốc, du khách còn được xem những màn biểu diễn tuyệt vời của các loài động vật. Thật tuyệt khi được chứng kiến tận mắt cú sải cánh ngoạn mục của các loài chim hay sự tinh nghịch, đáng yêu của chú chồn đất, cầy mực, vượn cáo, cá heo,… tại Vinpearl Safari Phú Quốc như vũ điệu cuộc sống hoang dã.

Chụp ảnh với động vật:
Ngoài việc tham dự chương trình biểu diễn tại Vinpearl Safari Phú Quốc, bạn còn được tham gia chụp ảnh với động vật tại đây. Hãy lưu giữ lại những khoảnh khắc khó quên suốt hành trình khám phá với hình ảnh đáng yêu, rực rỡ của những chú vẹt xanh vàng Ma Cao, vẹt đỏ cánh xanh hay những chú chồn đất dễ thương, vượn cáo đuôi khoang tinh nghịch hoặc trăn hoàng gia, rồng đất,…

Cùng xem biểu diễn, cho động vật ăn và lưu lại những bức hình độc đáo:

Đặc biệt Vinpearl Safari Phú Quốc sẽ tái dựng các kiểu kiến trúc đặc trưng trên thế giới như đền đài Ấn Độ, nhà ở Châu Phi,… chắc chắn sẽ đem lại những trải nghiệm mới mẻ cho du khách khi đặt chân tới đây. Bạn sẽ có cảm giác như đang được đi chu du một vòng thế giới tự nhiên hoang dã và tận hưởng bầu không khí thiên nhiên trong lành tại các khu rừng nguyên sơ với hệ thống động vật đa dạng.

Bao gồm
Combo vé tiêu chuẩn vào cửa trực tiếp VinWonders và Vinpearl Safari Phú Quốc (vui lòng đọc kỹ mô tả sản phẩm trước khi mua)
Quý khách lưu ý cần chụp ảnh FaceID khi lần đầu qua cổng kiểm soát, để được nhận diện khuôn mặt vào cửa các khu vực tham quan khác",,10.340735,103.854047,,
bd1412de-faa7-543f-a10f-b040e1f08bc4,[Combo 01 ngày] - VinWonders + Vinpearl Safari Phú Quốc,combo,Phú Quốc,1500000,VND,True,https://booking-static.vinpearl.com/tours/1c5315f3f9ff492083b321c185b0395c_CB1D%200_Combo-ve-vao-cua-vinwonders-safari.jpg,vinpearl:tour:VW01650,"[Combo 01 ngày] - VinWonders + Vinpearl Safari Phú Quốc

- Combo vé tiêu chuẩn vào cửa trực tiếp VinWonders và Vinpearl Safari Phú Quốc trong 01 ngày

Bao gồm
- Combo vé tiêu chuẩn vào cửa trực tiếp VinWonders và Vinpearl Safari Phú Quốc",,10.340735,103.854047,,
f0aba982-e137-5689-8991-e34d3b986695,[Hòn Tằm] - Combo Cano Hòn Tằm + Tắm Biển + Buffet Trưa,combo,Nha Trang,740000,VND,True,https://booking-static.vinpearl.com/tours/06d286527bfb47898ddf123ca6a49079_hon-tam-1_tam-bun-hon-tam.jpg,vinpearl:tour:VW02525,"[Hòn Tằm] - Combo Cano Hòn Tằm + Tắm Biển + Buffet Trưa

TRẢI NGHIỆM CANO VÀ TẮM BIỂN TRÊN ĐẢO HÒN TẰM

Phù hợp: Gia đình. Địa điểm: Khánh Hòa. Giá từ 740.000₫",,12.175891,109.24301,,
2b2d8e48-cf2f-5b82-86fc-017151456004,[VinWonders Vũ Yên] - Combo 03 khu: Vườn Thú + Trò Chơi + Công Viên Nước,combo,Hải Phòng,423000,VND,True,https://booking-static.vinpearl.com/tours/18101f7080b04153b76aa78f174dec01_606897777_122168230460763160_4446014656170640742_n_vinwonders-vu-yen-vuon-thu-khu-tro-choi-cong-vien-nuoc.jpg,vinpearl:tour:VW02850,"[VinWonders Vũ Yên] - Combo 03 khu: Vườn Thú + Trò Chơi + Công Viên Nước

VinWonders Vũ Yên – Thiên đường giải trí và khám phá bậc nhất miền Bắc!
Tọa lạc trên đảo Vũ Yên xinh đẹp thuộc thành phố Hải Phòng, VinWonders Vũ Yên là tổ hợp công viên giải trí – vườn thú quy mô lớn nhất khu vực phía Bắc, được kiến tạo như một “vũ trụ giải trí all-in-one” – nơi hội tụ của cảm xúc, bất ngờ và những khoảnh khắc bùng nổ cho mọi lứa tuổi.
Với tổng diện tích lên đến 480 hecta, VinWonders Vũ Yên không chỉ là một điểm đến vui chơi đơn thuần mà còn là một thành phố giải trí đầy màu sắc, nơi mọi thành viên trong gia đình đều tìm thấy niềm vui riêng – từ những bạn nhỏ lần đầu gặp gỡ thế giới động vật hoang dã, đến các bạn trẻ đam mê cảm giác mạnh, hay những gia đình đang tìm kiếm một hành trình vui chơi kết hợp nghỉ dưỡng trọn vẹn.
Khám phá 5 miền thế giới kỳ diệu tại VinWonders Vũ Yên
Chuyến hành trình đưa bạn băng qua rừng hoang, lướt trên sóng nước Hawaii, lạc vào thế giới cổ tích và chạm tay vào những điều chưa từng tưởng tượng...
1. VƯƠNG QUỐC MUÔNG THÚ – Vườn thú Safari đầu tiên tại miền Bắc
Bước chân vào Vương quốc Muông Thú, bạn như đang mở cánh cửa bước vào thế giới hoang dã. Đây là vườn thú bán hoang dã đầu tiên và lớn nhất tại miền Bắc, nơi quy tụ hơn 2.000 cá thể động vật thuộc 67 loài, chia thành 10 phân khu chủ đề như:
Đây là vườn thú bán hoang dã đầu tiên và lớn nhất tại miền Bắc, nơi quy tụ hơn 2.000 cá thể động vật thuộc 67 loài, chia thành 10 phân khu chủ đề như:
Khu động vật ăn thịt: Lãnh địa của những kẻ săn mồi cừ khôi bậc nhất Nam Phi & Châu Á như sư tử Châu Phi, hổ Bengal...
Khu động vật ăn cỏ: 10 loài thú với 81 cá thể, nổi bật như tê giác trắng, linh dương sừng mạc – loài đã tuyệt chủng ngoài tự nhiên
Khu linh trưởng: Gặp gỡ những loài quý hiếm như vượn cáo đuôi khoang, vượn má vàng...
Khu bò sát: 161 cá thể thuộc 15 loài bò sát, nổi bật với tắc kè đổi màu panther...
Nhà chim: Không gian mở với 1.600 cá thể, nơi du khách có thể tương tác, cho vẹt Macaw, hồng hạc ăn và tham gia các show biểu diễn độc đáo
Khu chuột túi, khu voi, khu tê giác, khu hươu cao cổ, khu Kid Zoo: Các bạn nhỏ có thể tiếp xúc gần, cho động vật ăn và hóa thân thành nhân viên sở thú nhí (Junior Zookeeper)
2. QUỐC ĐẢO ALOHA – Công viên nước sắc màu nhiệt đới
Lấy cảm hứng từ tinh thần “Aloha” của người Hawaii – biểu tượng của sự kết nối và niềm vui sống, Quốc đảo Aloha là công viên nước mang đậm sắc màu nhiệt đới. Không gian sôi động cùng loạt trò chơi nước đỉnh cao tại đây sẽ đưa bạn đến hành trình giải trí bùng nổ, đầy năng lượng và phóng khoáng!
10 tổ hợp trò chơi nước đầy thử thách phù hợp với mọi lứa tuổi
07 đường trượt Twister dài 199m - 738m với trải nghiệm lướt siêu tốc cùng những khúc cua bất ngờ
210.94m chiều dài Cụm đường trượt nước Twister cho cả gia đình
3. VÙNG ĐẤT CHIẾN BINH – Thử thách sức mạnh, thể lực và cả trí lực
Khu trò chơi cảm giác mạnh và vận động mang chủ đề ""Rừng rậm Amazon, thổ dân và chiến binh Maya"", mang đậm màu sắc thám hiểm nơi vương quốc Maya cổ đại, đem đến những trải nghiệm đầy hồi hộp, thử thách thú vị
Thử thách chiến binh: Phấn khích tột cùng với tàu lượn giật ngược đầu tiên tại Đông Nam Á - Switchback Coaster 460 đi ngược ở điểm cao nhất rồi thả dốc với tốc độ cao.
Quái thú trỗi dậy: “Tiền đình” trên đu quay văng lên cao 40m với những chuyển động kép trên không trung.
Cung đường báo đốm: Thử thách vận động 03 cấp độ từ trên cao với tầm nhìn bao quát toàn khu vực vườn thú, đem đến cảm giác vừa phấn khích cả về thể lực và trí lực.
4. THẾ GIỚI THẦN TIÊN – Thoả sức vui chơi, giải trí cho cả gia đình
Chào mừng đến với Thế giới Thần Tiên – nơi những giấc mơ nhiệm màu của tuổi thơ được đánh thức, và những ký ức ngọt ngào của gia đình được viết nên giữa không gian đậm chất châu Âu cổ tích.
Khu trò chơi ngoài trời: diện tích 2.896m2 với khuôn viên mang đậm nét cổ tích Châu Âu, nơi các gia đình được hòa mình trong thế giới cổ tích, với 13 trò chơi hấp dẫn như: Vũ hội thần tiên, Điệu nhảy thần rừng, Đu quay thảm thần,..
Khu trò chơi trong nhà: mang đến không gian giải trí, khám phá đa dạng, hấp dẫn với nhiều lứa tuổi. Khu game trong nhà có quy mô 1.520m2 với 159 máy game & 54 thể loại trò chơi, khu liên hoàn nhà bóng, thị trấn cổ tích cho trẻ em thỏa sức vui chơi khám phá
5. QUẢNG TRƯỜNG LỄ HỘI – Nơi niềm vui ngập tràn
Du khách sẽ như lạc bước vào thế giới nhiệm màu, nơi mỗi con phố là một câu chuyện, mỗi góc nhỏ là một thước phim thần thoại sống động với 02 khu phố cổ tích cùng hàng trăm minishow hoạt náo suốt 365 ngày như: Khiêu vũ quý tộc, Diễu hành hoàng gia, Flashmob mascot rừng xanh, Xiếc cà kheo và các nhà ảo thuật hoàng gia
Những điểm check-in không thể bỏ lỡ:
Đấu trường Vương Quyền: Không gian xe điện đụng đầy phấn khích
Ngôi làng cổ tích: 06 không gian truyện cổ tích như Lọ Lem, Chú mèo đi hia,… cho bé thỏa thích trải nghiệm làm công chúa & hoàng tử
Thư viện grimm: check-in “tràn bộ nhớ” trong “thư viện” truyện cổ Grimm sống động và chân thực",,20.870566,106.749287,,
80a91c7d-03a8-5728-a707-b190f192bda5,[Ưu Đãi Người Địa Phương] [VinWonders Nam Hội An] - Combo Vé vào cửa & Dịch vụ Ẩm thực 300.000 VNĐ,combo,Hội An,600000,VND,True,https://booking-static.vinpearl.com/tours/bbe9ae33923448e2b7ab5063d6efe3b9_Ảnh%20màn%20hình%202025-09-04%20lúc%2005.59.39_vinwonders-nam-hoi-an-ve-vao-cua.png,vinpearl:tour:VW01384,"[VinWonders Nam Hội An] - Combo Vé vào cửa & Dịch vụ Ẩm thực 300.000 VNĐ

► Vé Người Địa Phương chỉ áp dụng cho các khách hàng có địa chỉ tạm trú hoặc thường trú tại các tỉnh Thanh Hoá, Nghệ An, Hà Tĩnh, Quảng Trị, Huế, Đà Nẵng, Quảng Ngãi, Gia Lai, Khánh Hoà, Đăk Lăk và Lâm Đồng
► Khách hàng vui lòng xuất trình giấy tờ tùy thân (CMND/ CCCD/ hộ chiếu/ giấy phép lái xe/ giấy khai sinh đối với khách hàng là trẻ em) khi qua cổng kiểm soát. Trường hợp khách hàng không xuất trình được giấy tờ đúng quy định, quý khách vui lòng thanh toán phụ thu chênh lệch giá vé NĐP và giá công bố tại phòng vé.",,15.785995,108.407642,,
ee18724d-ad50-5b93-899d-46bd7acc9751,Sun PhuQuoc Airways 9G2953: Nha Trang - Phú Quốc (06:30),flight,Phú Quốc,663000,VND,True,,trip:flight:CXR-PQC:9G2953,"Chuyến bay thẳng Sun PhuQuoc Airways 9G2953 từ Cảng hàng không quốc tế Cam Ranh (CXR) đến Sân Bay Phú Quốc (PQC), cất cánh 06:30, hạ cánh 07:50, thời gian bay 1 giờ 20 phút. Giá một chiều từ 663.000₫ (ngày 2026-09-25).",flight,10.169783,103.99353,,e8151037-ee59-54b6-bbcf-a99e92b7ef78
4057c474-1773-544b-85cb-ea91698ba21c,VietJet Air VJ1582: Nha Trang - Đà Nẵng (02:00),flight,Đà Nẵng,694000,VND,True,,trip:flight:CXR-DAD:VJ1582,"Chuyến bay thẳng VietJet Air VJ1582 từ Cảng hàng không quốc tế Cam Ranh (CXR) đến Cảng hàng không quốc tế Đà Nẵng (DAD), cất cánh 02:00, hạ cánh 03:10, thời gian bay 1 giờ 10 phút. Giá một chiều từ 694.000₫ (ngày 2026-09-23).",flight,16.0439,108.198997,,4c898f6a-11cb-58c7-af63-aac0baffedf5
313c5f90-b8e7-559e-84a8-5b28cb340365,VietJet Air VJ580: Nha Trang - Đà Nẵng (04:30),flight,Đà Nẵng,682000,VND,True,,trip:flight:CXR-DAD:VJ580,"Chuyến bay thẳng VietJet Air VJ580 từ Cảng hàng không quốc tế Cam Ranh (CXR) đến Cảng hàng không quốc tế Đà Nẵng (DAD), cất cánh 04:30, hạ cánh 05:35, thời gian bay 1 giờ 5 phút. Giá một chiều từ 682.000₫ (ngày 2026-10-25).",flight,16.0439,108.198997,,4c898f6a-11cb-58c7-af63-aac0baffedf5
c9399a86-b740-5f36-b7a7-5a9b0be77aef,VietJet Air VJ582: Nha Trang - Đà Nẵng (23:55),flight,Đà Nẵng,802000,VND,True,,trip:flight:CXR-DAD:VJ582,"Chuyến bay thẳng VietJet Air VJ582 từ Cảng hàng không quốc tế Cam Ranh (CXR) đến Cảng hàng không quốc tế Đà Nẵng (DAD), cất cánh 23:55, hạ cánh 01:00, thời gian bay 1 giờ 5 phút. Giá một chiều từ 802.000₫ (ngày 2026-09-27).",flight,16.0439,108.198997,,4c898f6a-11cb-58c7-af63-aac0baffedf5
5eacd697-ce2b-52b3-83aa-534415fd8586,VietJet Air VJ601: Nha Trang - TP. Hồ Chí Minh (09:35),flight,TP. Hồ Chí Minh,643000,VND,True,,trip:flight:CXR-SGN:VJ601,"Chuyến bay thẳng VietJet Air VJ601 từ Cảng hàng không quốc tế Cam Ranh (CXR) đến Cảng hàng không quốc tế Tân Sơn Nhất (SGN), cất cánh 09:35, hạ cánh 10:40, thời gian bay 1 giờ 5 phút. Giá một chiều từ 643.000₫ (ngày 2026-09-17).",flight,10.8188,106.652,,0ccbb0e7-4c4b-5c2f-a9f9-7b939cc61bdd
6683f892-5904-5352-ae69-1633aff1ac5c,VietJet Air VJ603: Nha Trang - TP. Hồ Chí Minh (01:50),flight,TP. Hồ Chí Minh,632000,VND,True,,trip:flight:CXR-SGN:VJ603,"Chuyến bay thẳng VietJet Air VJ603 từ Cảng hàng không quốc tế Cam Ranh (CXR) đến Cảng hàng không quốc tế Tân Sơn Nhất (SGN), cất cánh 01:50, hạ cánh 02:55, thời gian bay 1 giờ 5 phút. Giá một chiều từ 632.000₫ (ngày 2026-11-10).",flight,10.8188,106.652,,0ccbb0e7-4c4b-5c2f-a9f9-7b939cc61bdd
21ff77cb-a25b-54c1-8646-f646f70c6859,VietJet Air VJ609: Nha Trang - TP. Hồ Chí Minh (00:00),flight,TP. Hồ Chí Minh,519000,VND,True,,trip:flight:CXR-SGN:VJ609,"Chuyến bay thẳng VietJet Air VJ609 từ Cảng hàng không quốc tế Cam Ranh (CXR) đến Cảng hàng không quốc tế Tân Sơn Nhất (SGN), cất cánh 00:00, hạ cánh 01:00, thời gian bay 1 giờ. Giá một chiều từ 519.000₫ (ngày 2026-09-18).",flight,10.8188,106.652,,0ccbb0e7-4c4b-5c2f-a9f9-7b939cc61bdd
8454f6f0-7a3b-5f92-a417-a4c988cc84cb,VietJet Air VJ780: Nha Trang - Hà Nội (12:35),flight,Hà Nội,678000,VND,True,,trip:flight:CXR-HAN:VJ780,"Chuyến bay thẳng VietJet Air VJ780 từ Cảng hàng không quốc tế Cam Ranh (CXR) đến Cảng hàng không quốc tế Nội Bài (HAN), cất cánh 12:35, hạ cánh 14:25, thời gian bay 1 giờ 50 phút. Giá một chiều từ 678.000₫ (ngày 2026-10-23).",flight,21.221201,105.806999,,404ff51a-6de7-5013-b048-ac7468cfc726
e445ecfe-3668-5052-a8e2-5227371785e7,Vietravel Airlines VU1270: Nha Trang - Hà Nội (01:50),flight,Hà Nội,697000,VND,True,,trip:flight:CXR-HAN:VU1270,"Chuyến bay thẳng Vietravel Airlines VU1270 từ Cảng hàng không quốc tế Cam Ranh (CXR) đến Cảng hàng không quốc tế Nội Bài (HAN), cất cánh 01:50, hạ cánh 03:50, thời gian bay 2 giờ. Giá một chiều từ 697.000₫ (ngày 2026-09-23).",flight,21.221201,105.806999,,404ff51a-6de7-5013-b048-ac7468cfc726
404ff51a-6de7-5013-b048-ac7468cfc726,Vé máy bay Nha Trang - Hà Nội,flight,Hà Nội,678000,VND,True,,trip:route:nha-han,"Vé máy bay một chiều từ Nha Trang (CXR) đến Hà Nội (HAN). Hãng khai thác: VietJet Air, Vietravel Airlines. Thời gian bay khoảng 1 giờ 45 phút. Giá một chiều từ 678.000₫, khứ hồi từ 2.346.000₫. Tháng có giá trung bình rẻ nhất: 2027-08.",route,21.221201,105.806999,,
e8151037-ee59-54b6-bbcf-a99e92b7ef78,Vé máy bay Nha Trang - Phú Quốc,flight,Phú Quốc,663000,VND,True,,trip:route:nha-pqc,"Vé máy bay một chiều từ Nha Trang (CXR) đến Phú Quốc (PQC). Hãng khai thác: Sun PhuQuoc Airways. Thời gian bay khoảng 1 giờ 20 phút. Giá một chiều từ 663.000₫, khứ hồi từ 1.259.000₫. Tháng có giá trung bình rẻ nhất: 2027-08.",route,10.169783,103.99353,,
0ccbb0e7-4c4b-5c2f-a9f9-7b939cc61bdd,Vé máy bay Nha Trang - TP. Hồ Chí Minh,flight,TP. Hồ Chí Minh,519000,VND,True,,trip:route:nha-sgn,"Vé máy bay một chiều từ Nha Trang (CXR) đến TP. Hồ Chí Minh (SGN). Hãng khai thác: VietJet Air, Vietnam Airlines. Thời gian bay khoảng 1 giờ. Giá một chiều từ 519.000₫, khứ hồi từ 1.507.000₫. Tháng có giá trung bình rẻ nhất: 2027-01.",route,10.8188,106.652,,
4c898f6a-11cb-58c7-af63-aac0baffedf5,Vé máy bay Nha Trang - Đà Nẵng,flight,Đà Nẵng,682000,VND,True,,trip:route:nha-dad,"Vé máy bay một chiều từ Nha Trang (CXR) đến Đà Nẵng (DAD). Hãng khai thác: VietJet Air, Vietnam Airlines. Thời gian bay khoảng 1 giờ 5 phút. Giá một chiều từ 682.000₫, khứ hồi từ 1.745.000₫. Tháng có giá trung bình rẻ nhất: 2027-08.",route,16.0439,108.198997,,
8ab35bd0-cd0c-5e2f-be56-e20cd628b709,"[Vinpearl Golf LéMan] - Trải nghiệm đẳng cấp, voucher giá tối ưu",golf,TP. Hồ Chí Minh,1700000,VND,True,https://booking-static.vinpearl.com/tours/edccb3fa521143e7ab94e6d0081c6a9c_Screenshot_2_VinpearlGolf.png,vinpearl:tour:GN02642,"[Vinpearl Golf LéMan] - Trải nghiệm đẳng cấp, voucher giá tối ưu

TỔ HỢP GOLF GIẢI TRÍ VÀ THI ĐẤU HÀNG ĐẦU VIỆT NAM
Tọa lạc tại xã Tân Thông Hội (huyện Củ Chi cũ), TP. Hồ Chí Minh – trung tâm kinh tế và giải trí sôi động bậc nhất Việt Nam, Vinpearl Golf Léman sở hữu 36 hố golf chuẩn quốc tế được thiết kế đầy chiến thuật theo phong cách “Riparian Habitat” độc đáo. Trong giai đoạn 1, sân Bắc 18 hố chính thức khai trương, gây ấn tượng mạnh mẽ với địa hình chiến lược và bộ tứ template-hole huyền thoại: The Dell – The Biarritz – The Redan – The Volcano. Với quy mô, đẳng cấp và sự tinh tế trong từng trải nghiệm, Vinpearl Golf Léman không chỉ là điểm hẹn lý tưởng cho những vòng golf giải trí đầy cảm hứng, mà còn là nơi kết nối cộng đồng golfer qua các giải đấu giao lưu, từ quy mô quốc gia đến tầm cỡ quốc tế.",,10.925302,106.505473,,
a86717ae-2a66-5aa0-9def-7e42f56fc40f,[Vinpearl Golf Nam Hội An] - Voucher 01 vòng golf chỉ từ 2.100.000,golf,Hội An,1700000,VND,True,https://booking-static.vinpearl.com/tours/7e05bee3dc1d4264ad7f844581f44c71_Screenshot_5_VinpearlGolf.png,vinpearl:tour:GN02681,"[Vinpearl Golf Nam Hội An] - Voucher 01 vòng golf chỉ từ 2.100.000

TUYỆT TÁC SÂN GOLF GIỮA MIỀN DI SẢN
Nằm trong quần thể di sản văn hóa hấp dẫn bậc nhất Việt Nam, Vinpearl Golf Nam Hội An ấn tượng với địa hình cồn cát tự nhiên, cảnh quan thiên nhiên và thảm thực vật đặc trưng theo mùa của miền Duyên Hải. Thiết kế sân đặc trưng bởi những fairway rộng, khu vực green uốn lượn êm ái, mang đến những vòng chơi gần gũi với thiên nhiên, không quá thách thức nhưng đầy thú vị bất ngờ. Cách sân bay quốc tế Đà Nẵng 45 phút di chuyển bằng ô tô, cách phố cổ Hội An 17 km về phía Nam, Vinpearl Golf Nam Hội An là một trong những điểm đến golf - du lịch không thể bỏ lỡ trong hành trình khám phá dải dất hình chữ S.
Thông số:
Chiều dài 7.038 yards, par 72
Loại cỏ:
- Fairways/Roughs/Tees: Platinum Paspalum
- Greens: Platinum Paspalum
Tee Time: 06:00 am - 13:30 pm",,15.794018,108.412279,,
83b5cf28-6d82-5037-9b05-f4bf2feb6edb,[Vinpearl Golf Nha Trang] - Voucher Golf không giới hạn,golf,Nha Trang,1700000,VND,True,https://booking-static.vinpearl.com/tours/91cb05caafef4787865b47a58102dd6f_Screenshot_6_VinpearlGolf.png,vinpearl:tour:GN02640,"[Vinpearl Golf Nha Trang] - Voucher Golf không giới hạn

TUYỆT TÁC SÂN GOLF TRÊN ĐẢO THIÊN ĐƯỜNG
Tọa lạc trên hòn đảo được mệnh danh ""quanh năm 360 ngày nắng đẹp"", Vinpearl Golf Nha Trang sở hữu địa hình tựa sơn hướng thủy độc đáo, xung quanh được bao bọc bởi đồi xanh, trước mặt ôm trọn vẻ đẹp bao la của vịnh biển thiên đường. Thiết kế bởi IMG Worldwide, sân golf giữ được tối đa vẻ đẹp của thiên nhiên nguyên bản, sở hữu địa hình đặc trưng với những fairway rộng, lượn sóng và nhấp nhô dọc theo sườn đồi, hứa hẹn sẽ là điểm đến lý tưởng cho những cú swing đầy thách thức thú vị và cảm hứng bất tận.
Thông số:
Chiều dài 6.787 yards, par 71
Loại cỏ:
- Fairways/Rough/Tee: Seashore Paspalum
- Green: Seashore Paspalum
Tee time: 06:00 - 13:30",,12.212541,109.259051,,
06fe96e5-5226-50a8-bac2-015038d8e8a6,[Vinpearl Golf Phú Quốc] - Voucher Tee time giá siêu ưu đãi,golf,Phú Quốc,1700000,VND,True,https://booking-static.vinpearl.com/tours/2780559f61594743bce3c915bce51acd_Screenshot_4_VinpearlGolf.png,vinpearl:tour:GN02641,"[Vinpearl Golf Phú Quốc] - Voucher Tee time giá siêu ưu đãi

TUYỆT TÁC SÂN GOLF GIỮA RỪNG NGUYÊN SINH
Ẩn mình dưới những tán rừng nguyên sinh xanh ngút ngàn nơi Bắc đảo Phú Quốc, Vinpearl Golf Phú Quốc mang đến trải nghiệm chơi gôn độc đáo giữa thiên nhiên hoang sơ đầy sức hút. Tại đây gôn thủ có thể cảm nhận rõ vẻ đẹp của những đường fairways mềm mại, gợn sóng nhấp nhô, đan mình trong cảnh sắc thiên nhiên tuyệt đẹp của tán rừng già; hòa mình vào thế giới động thực vật tự nhiên thú vị; và đón trọn luồng sinh khí trong lành, tinh khiết nơi đảo ngọc thiên đường.
Thông số:
Chiều dài 7.038 yards, par 72
Loại cỏ:
- Fairways/Rough/Tee: Seashore Paspalum 1
- Green: Seashore Paspalum 2000
Tee time: 06:00 am - 15:00 pm",,10.344671342404894,103.8536203163346,,
cd8e4033-19d2-5fb1-9dea-20e003ba61ac,Meliá Vinpearl Danang Riverfront,hotel,Đà Nẵng,2072896,VND,True,https://cf.bstatic.com/xdata/images/hotel/max1024x768/893024149.jpg?k=8205d2b43744f5cf2f2af8b868cd693577639cf0e9d27a579af943af21044643&o=&hp=1,booking:hotel:3457161,"Meliá Vinpearl Danang Riverfront là cơ sở lưu trú 5 sao tại Đà Nẵng. Địa chỉ: 341 Tran Hung Dao Street, An Hai Bac Ward, Son Tra Ward, Đà Nẵng, Việt Nam. Tiện ích: Bồn tắm nóng/bể sục (Jacuzzi), Dịch vụ phòng, Massage, 2 hồ bơi, Trung tâm thể dục, 5 nhà hàng, Lễ tân 24 giờ, Giữ hành lí, Dọn phòng hàng ngày, Bữa sáng rất tốt. Điểm đánh giá 8.6/10 từ 1225 lượt đánh giá.",property,16.071163948312684,108.22944086969754,5,
6a6210dd-3abf-5e51-bb89-7fa53d36a514,VinHolidays Fiesta Phú Quốc,hotel,Phú Quốc,1844192,VND,True,https://booking-static.vinpearl.com/hotels/6b24c3b735f84cadafc2fd4f5947cb9b_ae902ccbdfff41c6892c531930c78a4b_VH1PQ_Facade1.jpg,vinpearl:hotel:5ef5c725-d49d-4413-a9ce-3f5966906972,"Được thiết kế theo lối kiến trúc mạnh mẽ, vững chãi nhưng không kém phần tinh tế, thu hút cùng hệ thống 687 phòng nghỉ có nội thất hiện đại và bể bơi ngoài trời 800m2, VinHolidays Fiesta Phú Quốc là lựa chọn hàng đầu để nghỉ dưỡng và gắn kết cho khách hàng từ các gia đình, nhóm bạn trẻ đến những đoàn khách số lượng lớn. Nằm tại trí trung tâm của khu phức hợp Grand World và liền kề quần thể Vinpearl, Vinholidays Fiesta Phú Quốc kế thừa hệ sinh thái nghỉ dưỡng 5 sao đẳng cấp cùng các trải nghiệm vui chơi giải trí và mua sắm đa dạng, hứa hẹn mang kì nghỉ trong mơ với chi phí hợp lý cho tất cả mọi người.",property,10.324814336777278,103.85832525403504,5.0,
93564e33-10b9-5878-b3f1-a255f1a285e8,VinHolidays Fiesta Phú Quốc - Phòng Tiêu Chuẩn Giường Đôi,hotel,Phú Quốc,1844192,VND,True,https://booking-static.vinpearl.com/room_types/52759c43f0d34982b151b824473fb7c5_2_optimized%201.jpg,vinpearl:hotel:5ef5c725-d49d-4413-a9ce-3f5966906972:room:f364e447-a72e-4b92-a4d4-eb2709702a9d,"Phòng Tiêu Chuẩn Giường Đôi với diện tích 25.2 - 28.5m2 được thiết kế hiện đại, tích hợp đầy đủ tiện nghi cho kỳ lưu trú của bạn. Đây là lựa chọn lý tưởng dành cho các nhóm bạn, gia đình nhỏ hay khách đi công tác.",room,10.324814336777278,103.85832525403504,5.0,6a6210dd-3abf-5e51-bb89-7fa53d36a514
8b60246e-cd0b-5d0f-bb10-b75e4d0dc12f,Vinpearl Beachfront Nha Trang,hotel,Nha Trang,1602232,VND,True,https://booking-static.vinpearl.com/hotels/66a70bddf946420281fbfc68a94522f8_VPCBNT%20Landscape17.jpg,vinpearl:hotel:24386cea-907e-93d5-0755-b4b1d8f5858a,"Vinpearl Beachfront Nha Trang với những căn hộ khách sạn có tầm nhìn hướng biển, không chỉ mang đến cho du khách sự tiện nghi, thoải mái, mà còn là cảm nhận trọn vẹn về những bãi biển đầy nắng gió của vịnh Nha Trang - một trong những vịnh biển đẹp nhất hành tinh. Đây là một điểm đến mới “tất cả trong một” với trung tâm thương mại sầm uất, những nhà hàng sang trọng, bể bơi ngoài trời ngắm toàn cảnh vịnh biển, không gian hội họp đẳng cấp, nơi tụ hội của thành công.",property,12.233639,109.197583,5.0,
fea308f6-b526-5233-b034-60aab19fcb28,Vinpearl Beachfront Nha Trang - Studio Hướng Biển 2 Giường Đơn,hotel,Nha Trang,2540000,VND,True,https://booking-static.vinpearl.com/room_types/b3843225500949f7924cc875f5f6f559_3.jpg,vinpearl:hotel:24386cea-907e-93d5-0755-b4b1d8f5858a:room:f74c2bc6-ea5a-4269-a0f6-c31fc7ea613a,"Với diện tích 42 m², Studio Ocean View 2 Giường Đơn mang phong cách hiện đại, được trang bị đầy đủ tiện nghi cho kỳ nghỉ thoải mái và thuận tiện. Sở hữu tầm nhìn đan xen giữa biển và thành phố, hạng phòng này mang đến không gian lưu trú dễ chịu, phù hợp cho các cặp đôi, gia đình nhỏ hoặc khách công tác. Sức chứa tối đa 4 khách (3 người lớn và 1 trẻ em hoặc 2 người lớn và 2 trẻ em).",room,12.233639,109.197583,5.0,8b60246e-cd0b-5d0f-bb10-b75e4d0dc12f
ba972b34-67ef-5129-a397-73c21cf90b43,"Vinpearl Cửa Sót Resort, Affiliated by Meliá",hotel,Hà Tĩnh,2038777,VND,True,https://booking-static.vinpearl.com/hotels/8ad63318d2494e6e9d126f2cea94e9eb_MVPCuaSot_facade7.jpg,vinpearl:hotel:0f0e60af-baaf-4066-b3d2-41a45414bbef,"Nằm kề bên bãi biển trong xanh Xuân Hải và Cửa Sót, đây là khu nghỉ dưỡng biệt thự sang trọng đầu tiên tại Hà Tĩnh được lấy cảm hứng từ kiến trúc châu Âu. Với công viên nước hiện đại đầu tiên tại Vùng duyên hải Trung Bắc, khách sạn này hứa hẹn mang đến sự thư giãn toàn diện và trải nghiệm đầy vui vẻ cho tất cả khách hàng.
Với diện tích 350.000m2 đất nhiệt đới, Meliá Vinpearl Cửa Sót Beach Resort là thiên đường nghỉ dưỡng tuyệt vời mang đến kỳ nghỉ thú vị cho những ai tìm kiếm một điểm nghỉ riêng sang trọng. Khu nghỉ dưỡng của chúng tôi bao gồm 42 biệt thự với hồ bơi riêng, được bao quanh bởi khu vườn dành cho các buổi tiệc BBQ, cũng như nhà hàng quốc tế, Spa, bể bơi ngoài trời dài 700m và bể bơi dài 50m đi kèm với bồn tắm xông hơi.",property,18.4896921,105.8907895,5.0,
e60e7b2e-5160-51ff-a10c-57cc233bb46a,"Vinpearl Cửa Sót Resort, Affiliated by Meliá - Biệt Thự 2 Phòng Ngủ Với Hồ Bơi Riêng",hotel,Hà Tĩnh,3391114,VND,True,https://booking-static.vinpearl.com/room_types/0b4335e871df4577b6f872bc765f8b52_MVPCuaSot_2bedroomvilla_frontarea2.jpg,vinpearl:hotel:0f0e60af-baaf-4066-b3d2-41a45414bbef:room:b2347fd8-09bf-4956-b670-043544d7a93c,"Ẩn mình trong khuôn viên yên tĩnh và xanh mát, biệt thự 2 phòng ngủ sở hữu không gian rộng rãi, hồ bơi riêng cùng phòng khách biệt lập, mang đến sự riêng tư tuyệt đối. Đây là lựa chọn lý tưởng để gia đình hoặc nhóm bạn thư giãn, tận hưởng kỳ nghỉ trọn vẹn bên bờ biển Xuân Hải thanh bình.",room,18.4896921,105.8907895,5.0,ba972b34-67ef-5129-a397-73c21cf90b43
54517e85-5a9d-5b81-8188-dec603687487,"Vinpearl Cửa Sót Resort, Affiliated by Meliá - Biệt Thự 3 Phòng Ngủ Với Hồ Bơi Riêng",hotel,Hà Tĩnh,4919133,VND,True,https://booking-static.vinpearl.com/room_types/4e4594ce96c24072a4299a091c9a5c15_MVPCuaSot_3bedroomvilla_masterbedroom2.jpg,vinpearl:hotel:0f0e60af-baaf-4066-b3d2-41a45414bbef:room:53eaff8f-cc6f-46b5-b65f-94380f9fb359,"Biệt thự 3 phòng ngủ là lựa chọn hoàn hảo cho các gia đình nhiều thế hệ hoặc nhóm bạn đông người. Không gian rộng rãi với phòng khách biệt lập, khu vực ăn uống và hồ bơi riêng mang đến sự thoải mái và riêng tư tuyệt đối cho kỳ nghỉ trọn vẹn bên biển.",room,18.4896921,105.8907895,5.0,ba972b34-67ef-5129-a397-73c21cf90b43
99787373-ea91-5d6c-b7dd-7d635e8fe9f7,"Vinpearl Cửa Sót Resort, Affiliated by Meliá - Biệt Thự 4 Phòng Ngủ Với Hồ Bơi Riêng",hotel,Hà Tĩnh,8931951,VND,True,https://booking-static.vinpearl.com/room_types/b66b28af6f4c436a82b16c89d5b8497f_MVPCuaSot_4bedroomvilla4.jpg,vinpearl:hotel:0f0e60af-baaf-4066-b3d2-41a45414bbef:room:2f07e8f0-46b2-4050-9121-6a7e7c1b6e40,"Với sức chứa lớn và thiết kế tinh tế, biệt thự 4 phòng ngủ phù hợp cho những kỳ nghỉ gắn kết bên người thân hoặc tổ chức tiệc riêng tư. Hồ bơi riêng cùng không gian sinh hoạt chung rộng rãi tạo nên trải nghiệm nghỉ dưỡng cao cấp và đáng nhớ tại Cửa Sót.",room,18.4896921,105.8907895,5.0,ba972b34-67ef-5129-a397-73c21cf90b43
a3967a35-37ad-5e4b-8d89-16c3bf163da4,Vinpearl Resort & Golf Nam Hội An,hotel,Hội An,2194786,VND,True,https://booking-static.vinpearl.com/hotels/2013e96eca114b65865d8a51c571952b_Bể%20bơi%20vỏ%20sò.jpg,vinpearl:hotel:2c2389a5-947f-4dc9-79fc-6d7d6b7521bb,"Trong dáng hình đôi cánh buồm mang màu sắc huyền thoại đặt bên bờ biển Bình Minh nguyên sơ dài 1.300m, Vinpearl Resort & Golf Nam Hội An là tâm điểm của quần thể du lịch và nghỉ dưỡng mới nhất của Vinpearl tại miền di sản. Dù yêu thích nghỉ dưỡng biệt lập hay khám phá bất tận, du khách đều sẽ hài lòng với bể bơi tràn bờ hình con sò tuyệt đẹp rộng tới 2.300m2 nối dài ra bờ biển cát trắng phau rộng mênh mang, công viên giải trí công nghệ cao VinWonders, vườn thú du khảo trên sông độc đáo và sân golf 18 hố tiêu chuẩn quốc tế. Toàn bộ các villa ở đây đều hướng biển, giúp du khách tận hưởng không gian tươi mới, khoáng đạt đặc trưng của đại dương vào mọi thời khắc trong ngày. Như một nét chấm phá duyên dáng trong khuôn viên khu nghỉ dưỡng, nhà hàng An với kiến trúc độc đáo lấy cảm hứng từ làng chài ven biển miền Trung luôn sẵn sàng phục vụ du khách với các món đặc sản tươi ngon mang đậm phong vị phố cổ Hội An như cao lầu, mì Quảng, cơm gà...",property,15.797401155475349,108.42072476214602,5.0,
647b2514-3432-5d09-bd15-9782bfd085f4,Vinpearl Resort & Golf Nam Hội An - Deluxe Hướng Biển 2 Giường Đơn,hotel,Hội An,3670000,VND,True,https://booking-static.vinpearl.com/room_types/Vinhoian0851.jpg,vinpearl:hotel:2c2389a5-947f-4dc9-79fc-6d7d6b7521bb:room:5addd18c-e273-4d99-a32f-ff14195f95e4,"Với diện tích 48 m², Deluxe Hướng Biển 2 Giường Đơn là phòng khách sạn thiết kế theo phong cách hiện đại, tích hợp đầy đủ tiện nghi bao gồm tivi, wifi tốc độ cao, bồn tắm riêng... Sở hữu tầm nhìn hướng Biển lãng mạn, phòng Deluxe 2 giường đơn là lựa chọn lý tưởng dành cho các cặp đôi, gia đình nhỏ nghỉ dưỡng hay du khách đi công tác",room,15.797401155475349,108.42072476214602,5.0,a3967a35-37ad-5e4b-8d89-16c3bf163da4
0ea20753-e3f7-5005-909e-382b704042fc,Vinpearl Resort & Spa Hạ Long,hotel,Hạ Long,2579685,VND,True,https://booking-static.vinpearl.com/hotels/9f0e947613164121825dcfc8056ddd71_VPRSHL_Facade2.jpg,vinpearl:hotel:9f474bc1-62f4-666b-1c63-7e7330412cfd,"Duy nhất tại vịnh biển kỳ quan, Vinpearl Resort & Spa Hạ Long là công trình nghỉ dưỡng nằm hoàn toàn trên mặt biển, với thiết kế cánh cung vừa tráng lệ vừa duyên dáng được lấy cảm hứng từ Nhà hát thành phố Rennes (Pháp). Trải nghiệm phòng nghỉ sang trọng với ban công rộng rãi mở ra cảnh sắc rung động lòng người của một trong bảy kỳ quan thiên nhiên thế giới - Vịnh Hạ Long. Vinpearl Resort & Spa Hạ Long là điểm đến hoàn hảo và thuận tiện để nghỉ dưỡng, hội họp và ghi dấu những sự kiện trọng đại bên người thân như đám cưới, sinh nhật hay các lễ kỷ niệm đáng nhớ.",property,20.941472,107.025306,5.0,
fba8fd1c-1d0d-54b2-b26e-91dd31e803b6,Vinpearl Resort & Spa Hạ Long - Deluxe 2 Giường Đơn,hotel,Hạ Long,2579685,VND,True,https://booking-static.vinpearl.com/room_types/171a590114c247a79a997cb0132aced2_HL1.jpg,vinpearl:hotel:9f474bc1-62f4-666b-1c63-7e7330412cfd:room:d06c977f-bede-4b76-963b-b7b5d564f566,"Với diện tích 38 m², Deluxe 2 Giường Đơn là phòng khách sạn thiết kế hiện đại với 2 giường đơn sang trọng, tích hợp đầy đủ tiện nghi cho kỳ lưu trú của bạn. Tầm nhìn hướng ra vườn, vị trí đắc địa ngay tại Bãi Cháy, phòng Deluxe Twin là lựa chọn lý tưởng dành cho các cặp đôi, gia đình nhỏ hay du khách đi công tác.",room,20.941472,107.025306,5.0,0ea20753-e3f7-5005-909e-382b704042fc
8e288133-d99c-53a9-9ee1-195e298edd64,Vinpearl Resort & Spa Hạ Long - Deluxe Giường Đôi,hotel,Hạ Long,2920000,VND,True,https://booking-static.vinpearl.com/room_types/0eaf65888e434d00815f69baa061ffb0_2.jpg,vinpearl:hotel:9f474bc1-62f4-666b-1c63-7e7330412cfd:room:a66da992-465e-4567-bfcb-0a8ac20a11a0,"Với diện tích 38 m², Deluxe Giường Đôi là phòng khách sạn thiết kế hiện đại với giường đôi sang trọng, tích hợp đầy đủ tiện nghi cho kỳ lưu trú của bạn. Tầm nhìn hướng ra vườn, vị trí đắc địa ngay tại Bãi Cháy, phòng Deluxe King là lựa chọn lý tưởng dành cho các cặp đôi, gia đình nhỏ hay du khách đi công tác.",room,20.941472,107.025306,5.0,0ea20753-e3f7-5005-909e-382b704042fc
1fbe0ce2-7ad0-5fd6-91c0-e6ca2195d9fe,Vinpearl Resort & Spa Hạ Long - Deluxe Hướng Biển 2 Giường Đơn,hotel,Hạ Long,2920000,VND,True,https://booking-static.vinpearl.com/room_types/d0caf9db27c345878e992fe444b3d7b3_1.jpg,vinpearl:hotel:9f474bc1-62f4-666b-1c63-7e7330412cfd:room:b27e0569-8e1b-4f20-8d73-26423e6728c8,"Với diện tích 38 m², Deluxe Hướng Biển 2 Giường Đơn là phòng khách sạn thiết kế hiện đại với 2 giường đơn sang trọng, tích hợp đầy đủ tiện nghi cho kỳ lưu trú của bạn. Tầm nhìn hướng ra biển, vị trí đắc địa ngay tại Bãi Cháy, phòng Deluxe Twin Room Ocean View là lựa chọn lý tưởng dành cho các cặp đôi, gia đình nhỏ nghỉ dưỡng.",room,20.941472,107.025306,5.0,0ea20753-e3f7-5005-909e-382b704042fc
bfc1d7fa-5a0b-5b49-aa07-78ad02fe5ac9,Vinpearl Resort & Spa Nha Trang Bay,hotel,Nha Trang,3330000,VND,True,https://booking-static.vinpearl.com/hotels/d233e5d47c40423ba43885c4d0033c58_DJI_0541.jpg,vinpearl:hotel:8ad87144-51ba-24bc-5d79-6aa98dd275ab,"Với kiến trúc cánh cung duyên dáng và hiện đại, thoải xuống bờ biển dài tuyệt đẹp nơi cát mịn trắng tinh và nước biển trong xanh, Vinpearl Resort & Spa Nha Trang Bay là nơi có thể nhìn từ giường ngủ ra toàn cảnh Vịnh Nha Trang với tầm nhìn mỹ lệ và sống động nhất. Vinpearl Resort & Spa Nha Trang Bay được xướng tên vinh danh Khu nghỉ dưỡng biển hàng đầu Việt Nam bởi giải thưởng danh giá World Travel Award vào năm 2018.",property,12.213067681385413,109.24375534057617,5.0,
d8c0b365-64ca-5366-b653-a7c20e7a953f,Vinpearl Resort & Spa Nha Trang Bay - Coastal Retreat Family Room,hotel,Nha Trang,3730000,VND,True,https://booking-static.vinpearl.com/room_types/86c24c43243c4572b2d1280f51301a20_FPN05.jpg,vinpearl:hotel:8ad87144-51ba-24bc-5d79-6aa98dd275ab:room:62c42b2a-6f98-49a6-babf-98bfd475aca5,"Được thiết kế dành riêng cho những gia đình yêu biển và các “nhà thám hiểm đại dương” nhí. Coastal Retreat Family Room mang đến không gian nghỉ dưỡng rộng 45m² tiện nghi, ấm cúng và đầy cảm hứng, với giường lớn êm ái dành cho bố mẹ và khu giường tầng độc đáo dành cho trẻ nhỏ, tạo nên một thế giới riêng vui nhộn nhưng vẫn luôn kết nối.",room,12.213067681385413,109.24375534057617,5.0,bfc1d7fa-5a0b-5b49-aa07-78ad02fe5ac9
edf9571d-62bf-54ba-b826-e1b6c8ce07d8,Vinpearl Resort & Spa Nha Trang Bay - Deluxe 1 giường đôi,hotel,Nha Trang,3330000,VND,True,https://booking-static.vinpearl.com/room_types/1b8f998f01a346fb809b6b948a880cba_D8H_4701.jpg,vinpearl:hotel:8ad87144-51ba-24bc-5d79-6aa98dd275ab:room:d8b3245e-d43b-4451-bd1e-fe03fe598b57,"Với diện tích 45 m², phòng Deluxe là phòng khách sạn thiết kế theo phong cách hiện đại, tích hợp đầy đủ tiện nghi bao gồm giường đôi tiện nghi, sang trọng, tivi, wifi tốc độ cao, bồn tắm riêng... Sở hữu ban công và cửa sổ với tầm nhìn thoáng đãng, nơi đây là lựa chọn lý tưởng dành cho các cặp đôi, gia đình nhỏ hay khách đi công tác.",room,12.213067681385413,109.24375534057617,5.0,bfc1d7fa-5a0b-5b49-aa07-78ad02fe5ac9
d7243d13-51fe-5d87-acfe-094d4b62b154,Vinpearl Resort & Spa Nha Trang Bay - Deluxe 2 giường đơn,hotel,Nha Trang,3330000,VND,True,https://booking-static.vinpearl.com/room_types/86b08666215644de850b7dc81394b535_D8H_4678.jpg,vinpearl:hotel:8ad87144-51ba-24bc-5d79-6aa98dd275ab:room:4a9d927e-3f88-4bd5-9ab3-9f653536afb4,"Với diện tích 45 m², Phòng Deluxe giường đơn là phòng khách sạn thiết kế theo phong cách hiện đại, tích hợp đầy đủ tiện nghi bao gồm 2 giường đơn sang trọng, tivi, wifi tốc độ cao, bồn tắm riêng... Sở hữu ban công và cửa sổ với tầm nhìn thoáng đãng, nơi đây là lựa chọn lý tưởng dành cho các gia đình nhỏ, bạn bè hoặc du khách đi công tác.",room,12.213067681385413,109.24375534057617,5.0,bfc1d7fa-5a0b-5b49-aa07-78ad02fe5ac9
4afe1590-e517-5017-ac8f-608e7f9bfe95,Vinpearl Resort & Spa Phú Quốc,hotel,Phú Quốc,5013571,VND,True,https://booking-static.vinpearl.com/hotels/7fa6c644863c4d40b33614667319f463_DJI_0157.jpg,vinpearl:hotel:bb871f8a-9159-a65b-a2cd-f39a19030afa,"Từ trên cao nhìn xuống, Vinpearl Resort & Spa Phú Quốc chào đón du khách bằng sắc đỏ tươi tắn của mái ngói mang đậm hơi thở kiến trúc. Á Đông. Khu nghỉ dưỡng có bãi biển riêng tư dài 600m và bể bơi rộng nhất đảo Phú Quốc với diện tích 4.864m2. Các trải nghiệm không thể bỏ lỡ tại đây là một bài trị liệu tại một chòi spa trên mặt hồ theo phong cách Maldives hay thưởng thức bữa tối BBQ hải sản trong lúc ngắm hoàng hôn ngũ sắc và nghe nhạc sống tại nhà hàng Pepper. Vinpearl Resort & Spa Phú Quốc tự hào được World Travel Awards 2019 vinh danh là Khu nghỉ dưỡng biển hàng đầu dành cho gia đình tại Việt Nam và Châu Á",property,10.33162596420582,103.85206831801563,5.0,
9855d309-0683-5ae6-867c-750db3827437,Vinpearl Resort & Spa Phú Quốc - Biệt Thự 3 Phòng Ngủ Hướng Biển,hotel,Phú Quốc,13300000,VND,True,https://booking-static.vinpearl.com/room_types/4be7b13304a54ec486874f9622b70605_DSC_5622.jpg,vinpearl:hotel:bb871f8a-9159-a65b-a2cd-f39a19030afa:room:8425c401-79ec-496e-aea4-08ee5d37b854,"Với diện tích 340 m², Biệt Thự 3 Phòng Ngủ Hướng Biển là biệt thự sang trọng thiết kế hiện đại, tích hợp đầy đủ tiện nghi cho kỳ lưu trú của bạn. Sở hữu hồ bơi riêng, phòng khách và bếp được thiết kế sang trọng cùng vị trí đắc địa ngay cạnh bãi Dài, tầm nhìn ôm trọn đại dương mênh mông, Biệt thự 3 phòng ngủ hướng biển là lựa chọn lý tưởng dành cho các gia đình hay nhóm du khách đi du lịch nghỉ dưỡng hoặc công tác.",room,10.33162596420582,103.85206831801563,5.0,4afe1590-e517-5017-ac8f-608e7f9bfe95
d62ad553-a578-5997-9e1a-d4dafbd3aad2,Vinpearl Resort & Spa Phú Quốc - Deluxe Hướng Vườn 2 Giường Đơn,hotel,Phú Quốc,5013571,VND,True,https://booking-static.vinpearl.com/room_types/e48506e3041541138fba26a5444bf09d_DSC_5342.jpg,vinpearl:hotel:bb871f8a-9159-a65b-a2cd-f39a19030afa:room:08c56daa-b13a-4028-bd2a-a00496e44a2c,"Với diện tích 46 m², Deluxe Hướng Vườn 2 Giường Đơn là phòng khách sạn thiết kế hiện đại, tích hợp đầy đủ tiện nghi cho kỳ lưu trú của bạn. Với vị trí đắc địa ngay cạnh Bãi Dài, đây là lựa chọn lý tưởng dành cho các cặp đôi, gia đình nhỏ hay khách đi công tác.",room,10.33162596420582,103.85206831801563,5.0,4afe1590-e517-5017-ac8f-608e7f9bfe95
6c36a4fd-7bc0-5688-9d3d-3fc74fcbb41d,Vinpearl Resort & Spa Phú Quốc - Junior Suite Hướng Vườn Giường Đôi,hotel,Phú Quốc,5180000,VND,True,https://booking-static.vinpearl.com/room_types/1c506bdba8384e9ebc885492d56faed5_2.jpg,vinpearl:hotel:bb871f8a-9159-a65b-a2cd-f39a19030afa:room:3adc38ea-0643-4636-92f9-b1e95369a62f,"Với diện tích 86 m², Phòng Junior Suite Hướng Vườn Giường Đôi là phòng khách sạn sang trọng với không gian phòng khách và phòng ngủ được thiết kế rộng rãi, tích hợp đầy đủ tiện nghi mang đến cho bạn một kỳ lưu trú đầy ấn tượng. Với ban công rộng lớn và tầm nhìn hướng ra vườn nhiệt đới xanh mát, đây là lựa chọn lý tưởng dành cho các cặp đôi, gia đình nhỏ hay khách đi công tác.",room,10.33162596420582,103.85206831801563,5.0,4afe1590-e517-5017-ac8f-608e7f9bfe95
