key,name,destination,suppliers,aliases,queries,latitude,longitude,status,source,candidate,distanceKm,note,tickets,mapUrl
vinwonders-nha-trang,VinWonders Nha Trang,Nha Trang,NTVW1,vinwonders nha trang|vinpearl land nha trang,VinWonders Nha Trang,12.217049,109.240872,auto,trip.com:23029423,VinWonders Nha Trang (trip.com),6.5,tự tìm qua trip.com; kiểm tra bằng mắt rồi đặt status=ok,36,https://www.google.com/maps/search/?api=1&query=12.217049%2C109.240872
vinpearl-harbour,Vinpearl Harbour Nha Trang,Nha Trang,VPHB1,vinpearl harbour,Vinpearl Harbour Nha Trang|Vinpearl Harbour,12.203295,109.217041,auto,trip.com:100572,Cáp Treo Vinpearl Harbour Nha Trang (trip.com),5.7,tự tìm qua trip.com; kiểm tra bằng mắt rồi đặt status=ok,13,https://www.google.com/maps/search/?api=1&query=12.203295%2C109.217041
hon-tam,Hòn Tằm,Nha Trang,HTVW1,hon tam,Hòn Tằm,12.175891,109.243010,auto,trip.com:23899483,Hòn Tằm (trip.com),9.9,tự tìm qua trip.com; kiểm tra bằng mắt rồi đặt status=ok,14,https://www.google.com/maps/search/?api=1&query=12.175891%2C109.243010
aquafield-nha-trang,Aquafield Nha Trang,Nha Trang,AQF01,aquafield nha trang|jjimjilbang,Aquafield Nha Trang,12.214600,109.240943,auto,osm:N13481775453,Aquafield (leisure=sauna),6.7,tự tìm qua OpenStreetMap; kiểm tra bằng mắt rồi đặt status=ok,11,https://www.google.com/maps/search/?api=1&query=12.214600%2C109.240943
vinpearl-golf-nha-trang,Vinpearl Golf Nha Trang,Nha Trang,,vinpearl golf nha trang,Vinpearl Golf Nha Trang,12.212541,109.259051,auto,osm:W755626827,Vinpearl Golf Nha Trang (leisure=golf_course),8.5,tự tìm qua OpenStreetMap; kiểm tra bằng mắt rồi đặt status=ok,1,https://www.google.com/maps/search/?api=1&query=12.212541%2C109.259051
vinwonders-phu-quoc,VinWonders Phú Quốc,Phú Quốc,PQVW1,vinwonders phu quoc,VinWonders Phú Quốc,10.340735,103.854047,auto,trip.com:18832359,VinWonders Phú Quốc (trip.com),18.0,tự tìm qua trip.com; kiểm tra bằng mắt rồi đặt status=ok,42,https://www.google.com/maps/search/?api=1&query=10.340735%2C103.854047
vinpearl-safari-phu-quoc,Vinpearl Safari Phú Quốc,Phú Quốc,PQSAF,vinpearl safari|safari phu quoc,Vinpearl Safari Phú Quốc|Vinpearl Safari,10.337043,103.891448,auto,trip.com:25487733,Vinpearl Safari Phú Quốc (trip.com),15.3,tự tìm qua trip.com; kiểm tra bằng mắt rồi đặt status=ok,38,https://www.google.com/maps/search/?api=1&query=10.337043%2C103.891448
grand-world-phu-quoc,Grand World Phú Quốc,Phú Quốc,PQGW1,grand world phu quoc,Grand World Phú Quốc,10.328481,103.862952,auto,trip.com:130898816,Grand World Phú Quốc (trip.com),16.3,tự tìm qua trip.com; kiểm tra bằng mắt rồi đặt status=ok,25,https://www.google.com/maps/search/?api=1&query=10.328481%2C103.862952
vinpearl-golf-phu-quoc,Vinpearl Golf Phú Quốc,Phú Quốc,,vinpearl golf phu quoc,Vinpearl Golf Phú Quốc,10.344671342404894,103.8536203163346,ok,manual,Meliá Vinpearl Phu Quoc (building=hotel),19.8,xác minh tay trên Google Maps - Vinpearl Golf Phú Quốc,1,https://www.google.com/maps/search/?api=1&query=10.344671342404894%2C103.8536203163346
vinwonders-nam-hoi-an,VinWonders Nam Hội An,Hội An,NHAVW,vinwonders nam hoi an,VinWonders Nam Hội An,15.785995,108.407642,auto,trip.com:50961574,VinWonders Nam Hội An (trip.com),13.2,tự tìm qua trip.com; kiểm tra bằng mắt rồi đặt status=ok,33,https://www.google.com/maps/search/?api=1&query=15.785995%2C108.407642
vinpearl-golf-nam-hoi-an,Vinpearl Golf Nam Hội An,Hội An,,vinpearl golf nam hoi an,Vinpearl Golf Nam Hội An|Vin Pearl Golf,15.794018,108.412279,auto,osm:W1340528240,Vin Pearl Golf Course (leisure=golf_course),12.8,tự tìm qua OpenStreetMap; kiểm tra bằng mắt rồi đặt status=ok,1,https://www.google.com/maps/search/?api=1&query=15.794018%2C108.412279
vinwonders-cua-hoi,VinWonders Cửa Hội,Nghệ An,CHVW1,vinwonders cua hoi,VinWonders Cửa Hội,18.772953,105.751338,auto,trip.com:148429610,VinWonders Cửa Hội (trip.com),14.8,tự tìm qua trip.com; kiểm tra bằng mắt rồi đặt status=ok,36,https://www.google.com/maps/search/?api=1&query=18.772953%2C105.751338
cong-vien-nuoc-ha-tinh,Công viên nước Hà Tĩnh,Hà Tĩnh,CVNHT,cong vien nuoc ha tinh,Công viên nước Hà Tĩnh,18.490220681336005,105.89094412895973,ok,manual,Công Viên (leisure=park),1.1,xác minh tay trên Google Maps - Công viên nước Vinpearl Hà Tĩnh,10,https://www.google.com/maps/search/?api=1&query=18.490220681336005%2C105.89094412895973
vinwonders-vu-yen,VinWonders Vũ Yên,Hải Phòng,VYVW1,vinwonders vu yen|vu yen,VinWonders Vũ Yên,20.870566,106.749287,auto,trip.com:151870513,VinWonders Vũ Yên (trip.com),7.4,tự tìm qua trip.com; kiểm tra bằng mắt rồi đặt status=ok,21,https://www.google.com/maps/search/?api=1&query=20.870566%2C106.749287
vinpearl-horse-academy-vu-yen,Học viện cưỡi ngựa Vinpearl Vũ Yên,Hải Phòng,HVNVY,horse academy|hoc vien ngua,Học viện cưỡi ngựa Vinpearl Vũ Yên|Vinpearl Horse Academy Vũ Yên,20.873214,106.746369,auto,osm:W1481802645,Học viện cưỡi ngựa Vinpearl Vũ Yên (leisure=horse_riding),7.1,tự tìm qua OpenStreetMap; kiểm tra bằng mắt rồi đặt status=ok,8,https://www.google.com/maps/search/?api=1&query=20.873214%2C106.746369
vinpearl-golf-hai-phong,Vinpearl Golf Hải Phòng,Hải Phòng,,vinpearl golf hai phong,Vinpearl Golf Hải Phòng|Vinpearl Golf Haiphong,20.870558,106.733208,auto,osm:W1117837123,Vinpearl Golf Haiphong (leisure=golf_course),5.8,tự tìm qua OpenStreetMap; kiểm tra bằng mắt rồi đặt status=ok,1,https://www.google.com/maps/search/?api=1&query=20.870558%2C106.733208
vinwonders-wave-park,VinWonders Wave Park & Water Park,Hà Nội,HNVW2,vinwonders wave park|vinwonders water park,VinWonders Wave Park|Công viên VinWonders Wave Park,20.956466,105.976548,ok,manual,VinWonders Olympic Swimming Pool_Bể bơi (leisure=swimming_pool),15.0,xác minh tay trên Google Maps - nằm trong khu VinWonders Wave Park,14,https://www.google.com/maps/search/?api=1&query=20.956466%2C105.976548
aquafield-ocean-city,Aquafield Ocean City,Hà Nội,AQF02,aquafield ocean city|jjimjilbang,Aquafield Ocean City,20.951601,105.975044,auto,osm:N13439175215,Aquafield Ocean City (shop=beauty),15.2,tự tìm qua OpenStreetMap; kiểm tra bằng mắt rồi đặt status=ok,13,https://www.google.com/maps/search/?api=1&query=20.951601%2C105.975044
grand-world-ha-noi,Mega Grand World Hà Nội,Hà Nội,GWHN1,grand world,Mega Grand World Hà Nội,20.955442,105.979967,auto,osm:W1461455672,Mega Grand World Hà Nội (landuse=retail),15.4,tự tìm qua OpenStreetMap; kiểm tra bằng mắt rồi đặt status=ok,6,https://www.google.com/maps/search/?api=1&query=20.955442%2C105.979967
vinke-vinpearl-aquarium,VinKE & Vinpearl Aquarium Times City,Hà Nội,HNVKA,vinke|vinpearl aquarium,Vinpearl Aquarium Times City|VinKE Times City,20.996372,105.867893,auto,osm:W1331638484,Vinpearl Aquarium Times City (tourism=aquarium),3.8,tự tìm qua OpenStreetMap; kiểm tra bằng mắt rồi đặt status=ok,10,https://www.google.com/maps/search/?api=1&query=20.996372%2C105.867893
show-dat-nuoc-thien-hung-ca,"Show ""Đất nước thiên hùng ca""",Hà Nội,NHOCP,thien hung ca,Đất nước thiên hùng ca,20.951815905926242,105.97453466741665,ok,manual,Điểm Vui Chơi Cầu Trượt Nước (tourism=attraction),15.1,xác minh tay trên Google Maps - Show diễn Đất Nước Thiên Hùng Ca,33,https://www.google.com/maps/search/?api=1&query=20.956801%2C105.977420
cong-vien-grand-park,Công viên Grand Park,TP. Hồ Chí Minh,GPVW1,cong vien grand park|grand park|hon dao nhiet doi|khu vuon mong mo,Công viên Vinhomes Grand Park|Vinhomes Grand Park,10.839941,106.847280,auto,osm:N12777641246,Công viên nước Grand Park (leisure=water_park),16.1,tự tìm qua OpenStreetMap; kiểm tra bằng mắt rồi đặt status=ok,9,https://www.google.com/maps/search/?api=1&query=10.839941%2C106.847280
vinpearl-golf-leman,Vinpearl Golf Léman,TP. Hồ Chí Minh,,vinpearl golf leman,Vinpearl Golf Léman|Léman Golf,10.925302,106.505473,ok,manual,Vinpearl Golf Léman,,Đối chiếu 2026-09-16: ghim đích của bản đồ Google Maps nhúng trên https://vinpearl.com/en/vinpearl-golf-leman-ho-chi-minh-city ; vị trí sân golf không phải lối vào,1,https://www.google.com/maps/search/?api=1&query=10.925302%2C106.505473
